passenger_id,name,gender,contact,email,city_id
1,Wendy Davis,F,044.535.4650x0355,pjohnson@carter.com,1
2,Sheena Diaz,M,(374)743-5040,cware@gmail.com,6
3,April Hampton,M,4678034538,currykenneth@gmail.com,1
4,Rachel Evans,F,(753)993-5128x677,thomasesparza@rodriguez.com,7
5,Tracy Gallegos,M,843-137-6381,william62@gmail.com,2
6,Kyle Barrett,M,778-002-7962x001,qcole@ray-johnson.com,6
7,Juan Owen MD,F,111.291.0451x98988,yparks@adkins.com,9
8,Grace Garrett,F,+1-147-979-9008,martinsteven@gmail.com,2
9,Pamela Thompson,F,077.368.7469x1388,bmills@henderson-sherman.com,8
10,James Smith,M,+1-988-858-3420x1592,glawson@yahoo.com,9
11,Elizabeth Smith,M,001-761-568-6902x695,oosborne@yahoo.com,3
12,Eric Lopez,F,0687088951,michellecarter@yahoo.com,9
13,Michael Hamilton,M,199-486-8218x130,rebecca90@gmail.com,9
14,Kimberly Ho,M,+1-274-766-1940x869,pereznathan@gilmore-hudson.biz,1
15,Amanda Dickson,F,+1-103-740-9513x75928,justin54@yahoo.com,7
16,Steven Estrada,M,(896)301-5726x882,gerald73@hotmail.com,5
17,Brittany Tucker,M,539.253.1269,stephanie12@castro.com,3
18,Gail Thomas,F,007-164-9606x0853,lawrencesmith@yahoo.com,1
19,Walter Lawrence,M,6526357992,dadams@flowers.com,1
20,Lisa Rodriguez,F,479.627.6677x8344,peggyvilla@gmail.com,10
21,Mark Figueroa,F,876.349.4011x04696,rmann@hotmail.com,10
22,Wanda Evans,F,001-318-726-6266x511,anthonyanna@yahoo.com,6
23,Jordan Hughes,F,478-888-4840,millssamuel@hotmail.com,5
24,Tracy Maldonado,F,898-864-8011x4192,bob30@brady-solis.net,8
25,Jason Rose,F,838-182-0703,meltoncory@gmail.com,2
26,Megan Nguyen,F,001-189-428-5512x325,briggsmichael@yahoo.com,3
27,Crystal Wilson,M,694.875.5742x9183,craigmullins@hotmail.com,6
28,Kyle English,M,(236)472-3357,matthewchavez@jordan.com,2
29,Victoria Hall,F,067-843-7763x70011,dawn60@hotmail.com,6
30,Kevin Bell,M,197-901-3475x9963,jenkinsbridget@kelley.com,10
31,Jimmy Coleman,M,001-550-745-2405x4935,handerson@hotmail.com,1
32,Nathan Shields,M,(649)394-3511x81300,robertssharon@yahoo.com,8
33,Jennifer Brooks,M,697-667-1961x357,lisanovak@freeman.net,7
34,Earl Bishop,M,+1-172-861-4607,liukimberly@gmail.com,2
35,Brandon Richards,F,(650)798-7787,robertduran@yahoo.com,6
36,Ronald Jones,M,002-799-1238,pmills@yahoo.com,9
37,Mary Love,F,+1-495-798-6662x6183,daniel75@yahoo.com,7
38,Joseph Yang,F,(794)440-2251x231,whiteheaddavid@yahoo.com,10
39,Mario Wood,F,(411)780-7269,moorevictoria@hotmail.com,1
40,Austin Baker,F,+1-753-038-5368x04668,wevans@hernandez-jones.com,6
41,Marie Walter,M,4366528369,wjohnson@yahoo.com,9
42,Nancy Chapman,M,+1-933-520-2357x0591,jamesbrooke@nelson-fischer.biz,9
43,Alicia Parker,F,001-170-133-2566x3214,teresa55@hotmail.com,7
44,Christina Johnson,F,+1-925-413-9599,gonzalezchristopher@wilson-curry.org,3
45,Brendan Morton,F,001-829-923-0734,sophiameyers@williams.org,4
46,Sharon Mclean,M,454-342-2135x73769,lindawoods@yahoo.com,5
47,Richard Dean,F,514.602.2239,apetersen@yahoo.com,5
48,Sara Larsen,M,(734)292-9697,danieloconnell@thomas-yu.com,6
49,April Cain,F,(453)270-9560x00350,emejia@king-palmer.info,7
50,Michelle Lane,F,842-453-8849,ucaldwell@peterson-robinson.net,1
51,Joshua Shannon,M,6431878492,manningamy@jones.biz,5
52,Michael Raymond,M,+1-230-019-9914,wrightmary@yahoo.com,5
53,Jonathan Kelley,M,(498)437-7531,uhopkins@gmail.com,3
54,Regina Armstrong,M,+1-269-325-7237x9268,ismith@hotmail.com,4
55,Jennifer Hoffman,M,635.949.6757,brian85@barry.com,4
56,Nancy Griffin,F,950-484-9609x2440,graycassandra@ayers.info,8
57,Scott White,F,389-595-9672x1012,anthony54@dixon-fisher.info,3
58,Kevin Lee,M,993-784-6360x088,idean@jenkins.com,6
59,Brad Anderson,M,+1-032-639-2768x0622,katherineedwards@yahoo.com,8
60,Brittney Mclaughlin,M,284-531-6609,arthurvega@norman-meyer.info,3
61,Laurie Jones,F,605-976-5523x9484,jasmine45@gmail.com,4
62,Christopher Francis,M,+1-432-924-0396x20148,awilliams@williams-brown.info,6
63,Matthew Browning,M,396.320.2701x2532,powerslarry@smith.biz,5
64,Mathew Kane,M,(477)573-0222x001,carterjackson@yahoo.com,6
65,Mary Gutierrez,M,001-162-996-6424x753,robert57@richards.com,3
66,Richard Rodriguez,M,(641)458-7004x6830,andersonashley@yahoo.com,2
67,Cynthia French,F,245.859.0209x5781,rodneymckinney@johnson.com,7
68,Sara Thompson,F,(925)577-9048x28518,floresjessica@gibbs.net,5
69,Robert Wilcox,F,194.635.8216,scottrich@yahoo.com,3
70,Alexander Ross,M,055.955.5385x8186,rangeldavid@gmail.com,6
71,Melissa Harris,M,628.569.4076x717,qkim@yahoo.com,10
72,Margaret Allen,F,001-126-402-6127x1950,hernandezroger@fields.com,2
73,Julia Foster,M,(250)794-8306,mccoycindy@gmail.com,3
74,Brianna Cannon,F,025.407.7294x9820,charlesturner@gmail.com,1
75,Jennifer Owens,F,(145)439-8408x775,jessica11@webb.com,2
76,Dr. Stephen Kim,M,196-692-3182x444,gregory45@gmail.com,6
77,Barbara White,F,624-513-4709,jamie45@hotmail.com,3
78,Jeffrey Galloway,F,001-265-402-0022x691,iedwards@gonzalez-ross.org,1
79,Mrs. Sarah Phillips,F,(969)435-8924,davidfrazier@hotmail.com,5
80,Janet Parker,F,+1-038-026-8126x64611,courtney47@webb.biz,1
81,Monica Jenkins,F,(800)394-6445,martinezandrew@adams.com,2
82,Kenneth Lynch,F,703-699-0078,lauren62@simmons-vazquez.com,3
83,Jacob Hunter,F,494-027-8851x132,emiller@yahoo.com,7
84,Chelsey Sanchez,F,490.487.5503x263,susan97@martinez.com,2
85,Desiree Coleman,M,001-206-375-3771,moranamanda@gmail.com,4
86,Brian Madden,M,001-836-152-6120,jennifer87@yahoo.com,6
87,Cassie Valencia,M,001-705-846-8495,cathykennedy@hotmail.com,4
88,Ruth Duncan,M,(389)287-9229x13908,victorchapman@gmail.com,7
89,Katrina Lin,F,247.843.3638,bryantkimberly@patel.org,10
90,Steven Gillespie,F,4696202474,toni02@miller.com,7
91,Howard Sanchez,M,325.353.3092,xbenitez@yahoo.com,2
92,Douglas Delgado,M,429.145.6941x7373,amanda60@brown.com,5
93,Justin Nguyen,F,(307)588-7721x971,cody22@gmail.com,5
94,Thomas Walters,F,859.484.9719,michellejohnson@orr-moore.com,8
95,Gregory Duncan,F,771-722-2689,mclaughlinanthony@gmail.com,8
96,Amy Lucas,F,(954)429-9941x222,lisarobinson@yahoo.com,7
97,Maria Terry,F,+1-626-543-1192x23624,chad71@yahoo.com,10
98,Jason Murray,F,396.651.9128x361,sullivanamy@castro.com,7
99,Carolyn Vance,M,001-377-267-0753x86738,fbarber@yahoo.com,2
100,Matthew Anderson,F,551.321.3664x60806,donna32@hotmail.com,9
101,Laurie Murray,F,2700448845,xcarlson@carter.com,7
102,Natalie Henry,M,438-149-2353x27518,karen03@hotmail.com,5
103,Michael Williams,F,167.771.4453x6678,jasontaylor@fields.net,6
104,Kyle Williams,F,001-680-472-5484x64118,wardjohn@hotmail.com,4
105,Robin Morrison,F,(823)695-4671x37422,lori81@yahoo.com,4
106,Cameron Miller,F,397.650.2142x90308,franciscoday@copeland-bean.com,1
107,Carla Miller,M,608-209-4901x875,tammyroy@green-mahoney.com,10
108,Charles Steele,M,392.789.4064x04651,zkelley@hunt.com,5
109,Russell Thompson MD,M,001-509-678-5609x86011,nicolebrewer@hotmail.com,7
110,Bryan Alvarado,M,423.017.9644x2662,xbarton@hurley-carey.biz,3
111,Jennifer Stewart,F,(596)665-4041x22683,jeffreyromero@smith.biz,5
112,Roy Barton,F,(498)089-6348,dustinchoi@yahoo.com,1
113,Wendy Roberts,F,650.101.5919x99881,kennethwagner@mcdaniel.com,2
114,Robert Holt,M,(800)324-3987x4802,kgarza@ward.org,4
115,Diana Ramirez,F,9632097049,thomasmichelle@yahoo.com,3
116,Danielle Welch,F,(967)772-8505x49047,llittle@yahoo.com,9
117,Mark Nguyen,M,(887)879-1672,lisa71@mccarthy.com,2
118,Michael Scott,F,467.098.2247x333,teresahays@gmail.com,4
119,Melissa Fernandez,F,076.619.2432x051,alexandriaweiss@yahoo.com,3
120,Gregory Chen,F,+1-839-012-5810x9131,lauren60@wood-short.com,5
121,Brittany Martinez,F,013.906.9763x100,williamsjacob@stevenson.com,5
122,Julia Jordan DDS,F,001-041-037-7170,leonard51@brooks-ali.biz,6
123,Kayla Brown,F,(236)817-2659x50725,ytran@mahoney.com,2
124,Jessica Watson,F,+1-287-675-8827,josephanderson@wolfe.com,3
125,Monica Little,M,(084)124-9972x7178,riversjoseph@shepard-ramos.com,5
126,Kimberly Allen,M,342-744-0515x4111,joseph59@gmail.com,7
127,Bridget Garcia,F,+1-024-884-2693x97356,ubuchanan@thomas.com,5
128,Michelle Hunter,M,7534758207,crosario@hotmail.com,9
129,Deanna Roberts,F,001-880-646-9883x4323,fraziereric@michael.biz,5
130,Eric Foster,F,+1-038-698-0809,paulmendez@hotmail.com,8
131,Nathan Nelson,M,779.401.6907,amberhebert@yahoo.com,3
132,Krystal Braun,M,(373)727-1270,hernandezcharles@hotmail.com,2
133,Michael Miller,F,001-309-564-5760x57027,ddalton@hall.info,2
134,Lori Stevenson,M,(155)878-1344x988,lunakenneth@yahoo.com,9
135,Christina Murphy,M,819.054.5476x667,hrivera@woodward.com,1
136,Robert Wheeler,F,534-114-4534x87409,michaeljennings@berger.com,2
137,Jill Wolf,M,781-563-2536x316,jbrown@hotmail.com,3
138,Blake Foster,F,+1-586-216-6364x695,yhouse@hotmail.com,7
139,Derrick Berg,M,270.569.0947x7521,christopherwilliams@gomez.info,1
140,Erika Kennedy,M,+1-200-570-3577x624,ojohnson@kim.com,3
141,Jose Johnson,F,837.731.0421x851,kimjones@gmail.com,3
142,Michelle Wilson,F,160.618.8573,mollybrooks@yahoo.com,5
143,Cassandra Mcdaniel,F,744.757.5070,adam75@garcia.net,3
144,Abigail Henson,M,486.986.8134x11278,elizabethlopez@white-robinson.net,10
145,Lori Lewis,F,095-217-3804,xtaylor@caldwell.org,10
146,Adam Fox,F,520.451.6980,scott99@gmail.com,1
147,John Ballard,F,407-600-6476,travis46@hansen.com,7
148,Christopher Munoz,M,447-428-7611x5140,michael33@gmail.com,6
149,Collin Smith,M,(306)187-0460x5583,davenportwesley@mendez.com,10
150,Sandra Perkins,M,+1-316-813-6473,susan27@yahoo.com,3
151,Jeffrey White,M,(486)468-0079,qflores@schwartz-clark.org,8
152,Preston Martin,F,8948162086,brittanyhicks@young.net,5
153,Brooke Patrick,F,890.093.6137,robert89@mitchell-bender.com,5
154,Deborah Ritter,F,001-568-803-4080x8082,jennifergray@nunez.com,3
155,Laura Rowland,M,001-845-989-3819x8429,elizabethchen@hotmail.com,9
156,James Young,M,4953384817,smitherika@yahoo.com,6
157,Kristin Williams,M,283-059-5480x1236,vwhite@hotmail.com,4
158,Rick Johnson,F,547.293.5048x126,ryan94@hotmail.com,10
159,Richard Smith,M,+1-969-157-6666,anthony89@yahoo.com,9
160,Aaron Chavez,M,256-282-3753x11371,cobbrenee@moreno.com,8
161,Andrea Thompson,F,(304)876-0843,zbrown@gmail.com,8
162,Timothy Merritt,F,+1-024-240-4503x7558,rgentry@garcia.com,1
163,Debra Jefferson,F,001-989-677-3612x8555,jessicamartin@pratt-hawkins.com,1
164,Nicholas Perkins,M,(776)912-9257x28124,charles97@young.com,1
165,Catherine Cisneros,M,419-171-9346x0539,hillshawn@navarro.com,5
166,Willie Campbell,F,133.487.2907x342,valerie48@barnes.org,2
167,Misty Rose,M,428-397-2864x41713,jamesestrada@jones-morgan.com,5
168,William Little,M,357-824-1948,pricetracy@lewis.com,4
169,Ryan Simpson,M,969-893-2384x7487,briangibson@hotmail.com,2
170,Anthony Grant,F,(135)072-2343x300,john96@hotmail.com,4
171,Shelly Anthony,M,001-527-957-9872,qthompson@jackson-lamb.info,6
172,Heather Lopez,F,5670802765,mramsey@vega-little.biz,8
173,Zachary Thomas,M,056.433.2954x421,brian60@hotmail.com,2
174,Heidi Perez,F,234-172-4588x07817,colleen00@nguyen-clarke.biz,10
175,Jacqueline Cook,M,660.643.2313x5701,barrybrady@taylor.info,2
176,Carol Oconnell,M,768-861-3235x15826,russellbarrett@chavez.com,7
177,Brian Francis,F,001-698-609-9696x781,qmorgan@bates-terrell.org,4
178,Gina Benjamin,M,366.053.9130x18463,jacobsonrachel@sloan.net,2
179,Diana Cross,F,001-281-914-7423x4690,zacharybrown@hampton-herman.com,4
180,Robert Kelly,M,(270)538-9096,mcastro@garrison.biz,2
181,Juan Johnson,M,459.240.9392x44823,jamessara@yahoo.com,10
182,Joanne Haynes,M,(592)580-5197,rebekahkennedy@yahoo.com,2
183,Michael Smith,F,282.761.5238x449,austinmontgomery@yahoo.com,7
184,William Walters,F,001-119-507-0899x672,alison80@yahoo.com,3
185,Jason Cortez,F,429-287-1094x0233,lindafischer@hotmail.com,2
186,Shawn Jackson,F,+1-193-086-8479,ebullock@cox.com,4
187,Ashley Roberts,F,+1-369-820-9540x620,abaird@hotmail.com,5
188,Amy Acevedo,F,2985572205,amy39@holmes.com,2
189,Thomas Knapp,F,001-096-185-7335,ioliver@cooper.info,3
190,Darren Payne,F,+1-320-719-3934x701,cynthiajohnson@smith.com,4
191,Julie Fuller MD,M,439-069-5144x796,jason49@smith-ayala.net,8
192,George Douglas,F,626.285.6333,cruzbrian@snow-sosa.net,1
193,Katherine Green,M,403-671-8846x932,taylorchristopher@aguirre.com,6
194,Amanda Patterson,M,001-548-595-9655,littlejohn@yahoo.com,4
195,Zachary Williams,M,862-570-3276x7918,ibell@martinez-hogan.net,3
196,Russell Davenport,F,314-268-8693x4434,smithhannah@romero.com,8
197,Vanessa Hernandez,M,286-560-1908,annwalker@hotmail.com,4
198,Heather Thompson,M,001-889-697-4657x504,wrightapril@gmail.com,6
199,Adriana Rodriguez,F,3427749229,ohiggins@yahoo.com,9
200,Carlos Price,M,111-591-2100,kayla99@hotmail.com,10
